Date,Brent Crude Oil,Crude Oil WTI,OSEAX
4/29/20,23.68,15.86,772.2
4/28/20,22.65,12.47,757.5
4/27/20,15.17,12.17,743.4
4/24/20,15.87,15.99,738.1
4/23/20,15.06,15.06,750.1
4/22/20,13.77,13.64,738.1
4/21/20,9.12,8.91,726.7
4/20/20,17.36,-36.98,740.9
4/17/20,19.75,18.31,748.5
4/16/20,18.69,19.82,727.7
4/15/20,19.80,19.96,737.5
4/14/20,21.74,20.15,755.4
4/9/20,20.23,22.36,744.9
4/8/20,25.22,22.90,734.4
4/7/20,22.10,24.97,744.4
4/6/20,22.58,23.54,728.5
4/3/20,24.33,26.21,712.2
4/2/20,20.24,28.36,713.0
4/1/20,14.97,25.18,719.6
3/31/20,14.85,20.28,707.1
3/30/20,19.19,20.51,686.9
3/27/20,22.39,14.10,666.9
3/26/20,23.55,15.48,692.0
3/25/20,25.62,16.60,682.5
3/24/20,24.50,20.75,671.6
3/23/20,23.75,21.03,635.9
3/20/20,25.55,23.33,668.8
3/19/20,23.98,19.48,667.3
3/18/20,22.79,25.09,637.8
3/17/20,27.97,20.48,645.1
3/16/20,27.98,26.96,639.1
3/13/20,32.25,28.96,675.1
3/12/20,31.02,31.72,650.6
3/11/20,34.45,31.56,713.1
3/10/20,35.57,33.13,739.7
3/9/20,35.33,34.47,736.1
3/6/20,45.60,31.05,801.3
3/5/20,51.29,41.14,838.5
3/4/20,51.86,45.90,858.6
3/3/20,52.24,46.78,859.2
3/2/20,52.52,47.27,833.8
2/28/20,51.31,46.78,830.3
2/27/20,52.19,44.83,843.2
2/26/20,54.96,47.17,886.5
2/25/20,55.29,48.67,895.0
2/24/20,56.71,49.78,898.4
2/21/20,58.60,51.36,936.7
2/20/20,59.57,53.36,942.9
2/19/20,59.72,53.77,934.9
2/18/20,57.35,53.31,926.7
2/17/20,57.83,52.10,928.0
2/14/20,57.37,52.03,929.2
2/13/20,56.34,51.41,926.3
2/12/20,55.54,51.13,930.8
2/11/20,54.00,50.00,925.7
2/10/20,53.39,49.59,912.3
2/7/20,54.53,50.34,920.8
2/6/20,55.18,50.94,936.3
2/5/20,55.36,50.87,930.9
2/4/20,53.90,49.59,917.3
2/3/20,54.00,50.06,914.0
1/31/20,57.77,51.58,913.8
1/30/20,57.72,52.19,915.9
1/29/20,59.46,53.29,925.3
1/28/20,59.37,53.33,925.7
1/27/20,58.54,53.09,921.3
1/24/20,59.34,54.09,940.0
1/23/20,61.26,55.51,930.3
1/22/20,62.11,56.76,943.9
1/21/20,63.66,58.25,941.7
1/20/20,64.63,58.55,946.2
1/17/20,64.05,58.52,946.6
1/16/20,64.63,57.86,936.6
1/15/20,63.29,58.34,937.0
1/14/20,64.45,58.17,938.6
1/13/20,64.14,59.02,940.6
1/10/20,66.77,59.56,939.4
1/9/20,66.58,59.65,938.3
1/8/20,67.31,62.70,938.5
1/7/20,68.74,63.27,937.4
1/6/20,70.25,63.00,940.1
1/3/20,69.08,61.17,942.7
1/2/20,67.05,61.14,941.3
12/31/19,67.77,61.66,936.4
12/30/19,68.30,61.76,931.5
12/27/19,68.91,61.72,933.9
12/26/19,69.26,61.17,934.2
12/24/19,69.26,60.51,934.5
12/23/19,67.49,60.43,935.2
12/20/19,68.66,61.30,928.2
12/19/19,69.70,60.93,922.6
12/18/19,69.12,60.88,916.5
12/17/19,68.99,60.21,914.0
12/16/19,68.04,60.11,916.2
12/13/19,67.44,59.18,911.4
12/12/19,66.67,58.74,905.2
12/11/19,65.37,59.22,900.2
12/10/19,66.57,58.99,904.1
12/9/19,66.44,59.20,908.0
12/6/19,66.50,58.42,906.5
12/5/19,65.67,58.46,897.7
12/4/19,65.25,56.15,898.6
12/3/19,62.95,55.97,884.2
12/2/19,63.20,58.12,890.8
11/29/19,64.50,58.12,902.5
11/28/19,64.68,58.25,908.4
11/27/19,65.03,57.79,912.3
11/26/19,64.82,57.68,911.0
11/25/19,64.67,58.36,914.5
11/22/19,64.83,56.71,909.8
11/21/19,64.99,54.93,900.1
11/20/19,63.80,56.82,900.8
11/19/19,62.37,57.54,903.5
11/18/19,62.82,56.57,902.6
11/15/19,63.32,56.88,903.6
11/14/19,62.46,56.67,907.8
11/13/19,62.27,57.02,909.0
11/12/19,62.19,56.91,915.5
11/11/19,62.58,56.15,917.8
11/8/19,62.00,57.04,916.0
11/7/19,62.60,56.33,918.1
11/6/19,62.11,56.04,910.4
11/5/19,62.72,54.02,908.3
11/4/19,62.52,54.85,908.1
11/1/19,60.17,55.34,903.6
10/31/19,59.30,55.60,898.1
10/30/19,60.22,56.52,906.5
10/29/19,61.05,56.11,907.7
10/28/19,60.39,55.90,911.4
10/25/19,62.06,54.21,902.6
10/24/19,61.71,53.28,906.6
10/23/19,60.52,53.75,891.9
10/22/19,60.50,53.89,898.9
10/21/19,58.95,53.42,899.5
10/18/19,59.96,52.81,893.1
10/17/19,59.35,53.57,893.7
10/16/19,59.30,54.76,887.3
10/15/19,59.19,53.57,880.3
10/14/19,58.81,52.63,875.0
10/11/19,60.59,52.64,886.0
10/10/19,59.08,52.76,878.7
10/9/19,59.70,52.84,871.5
10/8/19,58.14,52.41,872.8
10/7/19,59.46,52.67,883.9
10/4/19,59.13,53.60,869.1
10/3/19,58.01,54.09,856.1
10/2/19,57.92,55.95,867.7
10/1/19,60.06,56.24,887.0
9/30/19,60.99,56.38,886.6
9/27/19,62.48,57.22,884.3
9/26/19,62.08,58.69,880.7
9/25/19,62.41,57.92,880.2
9/24/19,64.13,58.19,890.8
9/23/19,64.66,58.19,897.9
9/20/19,65.23,59.26,904.9
9/19/19,64.25,63.10,898.5
9/18/19,64.29,54.76,899.5
9/17/19,65.59,55.13,890.4
9/16/19,68.42,55.66,899.6
9/13/19,61.25,57.37,888.3
9/12/19,60.76,57.88,882.6
9/11/19,63.02,56.45,884.9
9/10/19,64.67,56.33,871.7
9/9/19,63.99,56.22,867.5
9/6/19,61.28,53.91,868.2
9/5/19,62.70,55.07,876.3
9/4/19,60.68,56.67,858.5
9/3/19,57.93,55.76,850.6
9/2/19,58.55,54.99,859.2
8/30/19,61.04,53.54,861.3
8/29/19,60.59,54.08,852.7
8/28/19,60.42,55.33,840.1
8/27/19,58.44,55.65,841.2
8/26/19,58.64,56.18,833.7
8/23/19,58.64,56.24,840.3
8/22/19,59.81,54.83,845.0
8/21/19,60.60,54.51,844.6
8/20/19,59.03,55.16,839.7
8/19/19,59.79,57.05,840.8
8/16/19,59.00,54.98,827.1
8/15/19,57.37,54.41,817.9
8/14/19,57.86,52.60,822.7
8/13/19,59.90,51.14,842.8
8/12/19,57.13,53.60,835.0
8/9/19,57.37,54.63,837.8
8/8/19,56.29,55.67,842.6
8/7/19,55.03,53.64,830.3
8/6/19,58.63,58.53,837.5
8/5/19,59.32,58.04,834.2
8/2/19,61.12,56.85,853.6
8/1/19,62.90,56.04,863.3
7/31/19,64.07,55.88,859.1
7/30/19,62.55,55.90,852.4
7/29/19,62.29,56.58,865.1
7/26/19,62.46,55.87,867.4
7/25/19,63.47,55.42,863.8
7/24/19,63.83,55.08,871.9
7/23/19,62.28,56.50,874.7
7/22/19,61.96,57.44,865.3
7/19/19,61.04,59.30,863.2
7/18/19,60.70,59.99,861.9
7/17/19,63.67,59.93,867.8
7/16/19,65.87,60.28,874.1
7/15/19,66.86,57.57,880.5
7/12/19,66.65,57.35,881.8
7/11/19,67.64,57.06,883.5
7/10/19,66.41,56.00,883.1
7/9/19,64.30,58.91,883.2
7/8/19,64.89,58.20,891.2
7/5/19,64.23,59.18,885.7
7/4/19,63.62,59.17,888.6
7/3/19,63.53,57.63,880.0
7/2/19,62.72,57.73,877.5
7/1/19,65.10,57.35,878.9
6/28/19,67.52,56.88,864.6
6/27/19,66.78,53.74,864.2
6/26/19,66.85,53.86,860.7
6/25/19,66.24,51.94,861.6
6/24/19,65.16,52.47,869.5
6/21/19,65.99,52.38,871.8
6/20/19,65.44,51.13,870.5
6/19/19,62.85,53.30,865.5
6/18/19,63.35,53.33,866.6
6/17/19,62.56,53.95,856.5
6/14/19,63.13,52.59,861.2
6/13/19,63.28,51.57,859.2
6/12/19,61.66,53.50,859.9
6/11/19,63.56,53.25,874.9
6/10/19,64.31,53.49,871.9
6/7/19,64.10,56.47,868.8
6/6/19,62.77,58.84,862.3
6/5/19,62.14,58.91,861.1
6/4/19,63.56,58.40,859.8
6/3/19,63.16,57.65,863.2
5/31/19,66.78,61.42,852.1
5/30/19,69.55,63.02,853.1
5/29/19,70.64,63.12,872.9
5/28/19,70.19,62.77,876.5
5/24/19,67.98,62.93,876.0
5/23/19,68.37,62.03,869.1
5/22/19,71.94,61.82,888.7
5/21/19,72.94,60.97,889.8
5/20/19,73.21,61.65,885.1
5/17/19,73.94,61.58,883.8
5/16/19,74.70,62.13,882.5
5/15/19,73.09,61.41,866.6
5/14/19,72.53,62.30,864.4
5/13/19,72.35,61.98,861.0
5/10/19,71.63,61.75,871.0
5/9/19,70.61,63.55,859.2
5/8/19,71.09,63.83,871.8
5/7/19,70.98,63.39,870.2
5/6/19,71.95,63.29,873.5
5/3/19,71.95,65.23,880.8
5/2/19,70.56,65.96,876.5
5/1/19,72.01,66.24,878.7
4/30/19,72.19,65.66,880.9
4/29/19,71.22,64.02,883.8
4/26/19,71.03,63.74,883.5
4/25/19,74.94,64.01,885.7
4/24/19,73.59,63.43,892.3
4/23/19,74.39,63.86,894.3
4/22/19,70.71,63.61,893.3
4/18/19,70.71,64.62,892.3
4/17/19,71.14,64.05,890.4
4/16/19,70.74,64.37,889.2
4/15/19,70.90,63.10,890.0
4/12/19,71.57,62.12,885.3
4/11/19,71.30,62.46,884.1
4/10/19,71.63,62.53,884.9
4/9/19,71.02,61.59,881.3
4/8/19,71.12,60.19,890.2
4/5/19,69.93,59.29,884.8
4/4/19,69.80,59.39,879.9
4/3/19,69.21,59.87,884.9
4/2/19,69.68,58.71,879.1
4/1/19,69.08,58.87,873.1
3/29/19,67.93,59.98,863.1
3/28/19,66.08,60.12,866.9
3/27/19,67.35,59.12,867.2
3/26/19,67.51,59.09,867.8
3/25/19,67.37,58.51,865.4
3/22/19,66.29,58.59,873.8
3/21/19,68.30,58.27,888.7
3/20/19,68.35,56.89,886.3
3/19/19,67.13,56.79,890.0
3/18/19,66.65,55.77,885.7
3/15/19,66.11,56.60,880.4
3/14/19,66.18,56.22,881.6
3/13/19,65.89,56.55,874.0
3/12/19,65.33,56.60,866.5
3/11/19,65.06,55.76,863.8
3/8/19,65.66,57.21,863.7
3/7/19,64.82,56.92,867.8
3/6/19,64.51,55.40,873.8
3/5/19,64.24,55.32,870.6
3/4/19,64.44,57.01,870.0
3/1/19,63.71,56.95,866.6
2/28/19,65.03,56.90,865.3
2/27/19,65.55,56.12,870.7
2/26/19,64.51,55.58,874.4
2/25/19,64.02,54.40,875.0
2/22/19,66.91,53.84,872.0
2/21/19,66.91,53.14,867.4
2/20/19,66.82,52.43,862.4
2/19/19,65.86,52.75,864.7
2/18/19,66.41,52.68,866.3
2/15/19,65.65,53.94,865.5
2/14/19,64.00,53.69,852.7
2/13/19,63.27,54.57,859.1
2/12/19,62.58,55.29,847.5
2/11/19,61.30,53.84,836.3
2/8/19,61.37,54.18,831.2
2/7/19,61.01,53.07,846.9
2/6/19,62.22,51.79,849.1
2/5/19,61.67,53.53,853.6
2/4/19,62.26,52.94,839.0
2/1/19,61.86,52.44,837.3
1/31/19,62.46,52.59,835.3
1/30/19,61.89,53.60,834.7
1/29/19,60.98,51.83,834.9
1/28/19,59.71,52.08,828.1
1/25/19,61.49,51.80,837.0
1/24/19,61.09,50.31,839.4
1/23/19,61.05,51.44,842.5
1/22/19,60.90,52.42,846.9
1/21/19,62.18,52.19,855.0
1/18/19,62.04,49.58,853.8
1/17/19,59.85,48.27,839.6
1/16/19,59.81,47.76,840.2
1/15/19,58.65,46.92,838.5
1/14/19,58.80,46.31,836.7
1/11/19,59.24,45.15,841.4
1/10/19,60.47,44.48,841.7
1/9/19,59.46,46.04,844.6
1/8/19,56.91,45.38,836.4
1/7/19,57.10,45.64,829.9
1/4/19,55.64,47.96,829.7
1/3/19,53.23,46.12,808.7
1/2/19,54.06,49.80,803.4
12/28/18,50.57,51.26,799.5
12/27/18,51.49,52.69,783.6
12/21/18,51.93,51.04,804.0
12/20/18,52.84,51.65,804.2
12/19/18,55.60,51.07,825.0
12/18/18,55.26,52.76,816.7
12/17/18,57.59,51.54,819.8
12/14/18,58.56,52.64,830.8
12/13/18,59.03,53.21,838.7
12/12/18,59.94,52.98,844.6
12/11/18,59.73,50.78,834.8
12/10/18,60.29,51.46,823.6
12/7/18,61.71,50.06,844.2
12/6/18,57.83,51.31,826.0
12/5/18,61.40,51.46,858.1
12/4/18,61.22,54.41,870.0
12/3/18,60.17,53.39,874.4
11/30/18,57.71,57.16,861.0
11/29/18,58.29,56.49,861.8
11/28/18,57.97,56.45,854.5
11/27/18,59.58,56.16,856.8
11/26/18,59.70,55.63,852.8
11/23/18,57.69,59.85,837.1
11/22/18,61.11,60.19,849.0
11/21/18,61.65,60.71,854.9
11/20/18,61.50,61.69,841.3
11/19/18,64.14,62.16,865.4
11/16/18,65.29,63.12,872.6
11/15/18,65.61,63.12,864.7
11/14/18,64.88,63.67,871.1
11/13/18,65.45,65.31,875.4
11/12/18,69.81,66.18,886.6
11/9/18,69.01,67.00,886.4
11/8/18,69.29,67.58,892.5
11/7/18,70.10,67.25,895.6
11/6/18,70.64,66.56,890.9
11/5/18,72.68,66.49,893.6
11/2/18,71.11,69.25,889.0
11/1/18,71.25,69.16,885.0
10/31/18,74.84,68.63,889.7
10/30/18,75.68,69.63,868.9
10/29/18,77.56,71.93,875.8
10/26/18,77.40,71.84,862.8
10/25/18,77.30,71.41,873.5
10/24/18,77.34,70.97,869.7
10/23/18,78.67,73.18,863.8
10/22/18,80.45,74.95,883.0
10/19/18,80.38,74.27,900.6
10/18/18,80.30,74.26,890.5
10/17/18,79.91,74.44,903.4
10/16/18,80.53,76.40,904.4
10/15/18,80.91,75.16,893.8
10/12/18,80.71,75.37,893.5
10/11/18,81.35,73.16,890.9
10/10/18,83.82,72.18,914.2
10/9/18,85.16,72.22,923.9
10/8/18,84.22,73.40,920.3
10/5/18,85.12,73.23,927.2
10/4/18,86.07,70.80,930.0
10/3/18,85.45,70.77,940.3
10/2/18,85.63,71.08,944.6
10/1/18,84.94,69.87,942.1
9/28/18,82.72,68.86,938.3
9/27/18,81.54,68.98,941.6
9/26/18,81.87,68.60,941.5
9/25/18,82.21,70.37,946.4
9/24/18,80.89,69.29,932.0
9/21/18,78.90,67.55,923.9
9/20/18,79.03,67.73,918.0
9/19/18,79.43,67.81,913.0
9/18/18,79.25,68.69,915.8
9/17/18,78.22,69.82,910.0
9/14/18,77.87,69.84,906.9
9/13/18,77.66,70.25,905.8
9/12/18,80.02,69.68,906.2
9/11/18,78.22,68.54,900.0
9/10/18,76.77,69.97,897.1
9/7/18,75.55,69.71,893.0
9/6/18,75.67,69.13,899.2
9/5/18,76.68,67.85,897.9
9/4/18,77.51,67.32,904.9
9/3/18,77.81,66.50,908.6
8/31/18,76.94,65.93,906.7
8/30/18,77.05,65.44,912.4
8/29/18,76.07,65.07,915.1
8/28/18,75.91,67.04,914.5
8/27/18,74.41,67.25,912.5
8/24/18,74.41,67.61,907.4
8/23/18,73.73,66.81,906.4
8/22/18,72.96,66.92,907.0
8/21/18,71.65,69.17,904.3
8/20/18,71.11,69.01,902.3
8/17/18,70.14,68.49,889.9
8/16/18,69.21,68.95,888.0
8/15/18,68.38,68.80,882.7
8/14/18,70.77,69.88,895.8
8/13/18,70.62,71.19,897.2
8/10/18,71.00,68.66,898.2
8/9/18,70.55,71.59,908.7
8/8/18,70.71,71.13,906.9
8/7/18,72.31,70.77,905.4
8/6/18,72.51,67.90,892.6
8/3/18,72.48,70.31,891.8
8/2/18,72.95,69.42,892.5
8/1/18,72.28,68.78,894.5
7/31/18,74.16,68.03,896.4
7/30/18,74.99,68.22,891.5
7/27/18,74.84,71.03,892.8
7/26/18,74.51,70.28,883.4
7/25/18,73.67,70.47,885.2
7/24/18,73.53,74.11,882.7
7/23/18,73.45,73.93,878.3
7/20/18,71.99,73.78,876.8
7/19/18,71.94,73.05,875.7
7/18/18,70.52,74.19,874.1
7/17/18,70.87,73.89,871.5
7/16/18,71.03,74.13,868.0
7/13/18,74.11,73.45,874.4
7/12/18,72.11,77.41,885.0
7/11/18,75.35,75.23,891.0
7/10/18,77.80,69.91,899.1
7/9/18,77.08,69.02,888.7
7/6/18,74.98,65.68,877.3
7/5/18,77.09,65.92,883.4
7/4/18,76.99,65.09,879.4
7/3/18,75.87,65.91,878.0
7/2/18,76.71,65.01,872.7
6/29/18,77.44,66.91,879.1
6/28/18,76.26,66.63,875.2
6/27/18,76.09,66.38,882.5
6/26/18,73.58,66.10,870.7
6/25/18,72.82,65.77,869.6
6/22/18,73.67,65.96,881.7
6/21/18,72.87,64.75,871.6
6/20/18,74.25,65.51,880.9
6/19/18,74.92,64.76,885.0
6/18/18,74.87,65.81,888.7
6/15/18,72.02,66.98,895.4
6/14/18,74.77,68.24,898.2
6/13/18,75.07,66.80,896.0
6/12/18,74.86,67.92,898.2
6/11/18,74.58,70.77,899.9
6/8/18,75.11,71.85,893.9
6/7/18,75.23,72.09,892.1
6/6/18,73.23,72.26,883.0
6/5/18,72.91,71.23,879.0
6/4/18,73.41,71.47,882.1
6/1/18,74.54,71.43,880.5
5/31/18,76.45,71.34,875.5
5/30/18,75.89,71.01,870.6
5/29/18,74.51,70.69,867.6
5/25/18,76.60,71.36,868.5
5/24/18,78.90,71.16,864.0
5/23/18,78.69,68.83,873.3
5/22/18,80.42,70.74,879.9
5/21/18,78.34,69.71,888.2
5/18/18,78.38,68.45,891.7
5/17/18,80.09,67.91,887.8
5/16/18,78.19,67.28,883.9
5/15/18,78.94,68.56,880.6
5/14/18,78.17,68.11,876.1
5/11/18,77.37,68.18,878.8
5/10/18,77.59,68.00,878.6
5/9/18,77.60,67.66,875.3
5/8/18,74.16,67.61,873.7
5/4/18,74.75,68.26,864.8
5/3/18,73.45,68.30,864.6
5/2/18,73.14,68.44,869.5
5/1/18,74.85,66.50,864.7
4/30/18,75.92,66.23,860.0
4/27/18,75.33,67.35,862.7
4/26/18,75.39,67.07,863.0
4/25/18,73.79,66.81,840.7
4/24/18,75.86,65.48,852.4
4/23/18,74.54,63.40,851.2
4/20/18,74.62,62.03,846.2
4/19/18,74.85,63.53,850.9
4/18/18,73.73,63.35,849.3
4/17/18,71.71,63.41,837.8
4/16/18,72.05,63.05,836.2
4/13/18,73.18,64.87,838.6
4/12/18,71.44,64.30,834.4
4/11/18,72.74,65.21,831.6
4/10/18,70.67,65.49,829.8
4/9/18,68.19,65.80,815.0
4/6/18,66.51,64.25,813.5
4/5/18,66.54,65.10,817.2
4/4/18,66.04,63.37,800.7
4/3/18,69.02,62.01,811.6
3/29/18,69.02,62.29,808.5
3/28/18,68.13,61.16,805.3
3/27/18,68.63,60.89,806.0
3/26/18,68.81,60.69,798.9
3/23/18,69.03,61.35,800.3
3/22/18,68.98,62.02,795.1
3/21/18,68.15,60.13,805.1
3/20/18,66.00,61.09,802.5
3/19/18,64.82,62.54,798.1
3/16/18,64.68,62.49,806.7
3/15/18,63.67,61.19,806.7
3/14/18,63.61,60.98,810.6
3/13/18,64.20,61.43,817.0
3/12/18,64.53,62.94,817.3
3/9/18,65.19,63.81,818.3
3/8/18,63.87,63.52,815.4
3/7/18,65.09,62.72,811.9
3/6/18,65.67,61.73,816.7
3/5/18,65.78,61.91,801.4
3/2/18,64.26,61.89,794.0
3/1/18,64.23,61.48,810.1
2/28/18,66.08,60.70,819.8
2/27/18,67.59,59.33,818.9
2/26/18,67.96,59.41,820.1
2/23/18,67.04,59.20,822.5
2/22/18,66.12,61.30,812.4
2/21/18,64.81,61.91,812.3
2/20/18,64.68,63.48,810.0
2/19/18,64.95,64.18,807.6
2/16/18,64.30,65.50,809.9
2/15/18,62.86,65.92,801.7
2/14/18,62.29,64.82,794.5
2/13/18,61.94,64.64,799.1
2/12/18,62.20,65.71,798.4
2/9/18,63.04,66.27,787.5
2/8/18,64.26,65.62,796.9
2/7/18,65.74,65.69,798.9
2/6/18,66.75,64.45,784.8
2/5/18,67.69,63.66,803.1
2/2/18,67.45,63.38,809.9
2/1/18,68.60,63.96,818.2
1/31/18,67.78,63.92,811.0
1/30/18,67.78,63.82,809.0
1/29/18,68.41,64.22,817.7
1/26/18,70.08,63.81,823.1
1/25/18,71.08,63.60,828.7
1/24/18,69.91,62.92,836.7
1/23/18,69.81,61.73,839.5
1/22/18,69.32,61.49,840.1
1/19/18,68.56,61.98,835.3
1/18/18,69.48,61.61,832.7
1/17/18,69.19,60.37,835.1
1/16/18,69.40,60.46,839.9
1/15/18,70.31,59.84,839.8
1/12/18,69.64,59.67,839.8
1/11/18,70.36,59.55,839.0
1/10/18,69.79,58.25,840.2
1/9/18,69.08,58.34,840.6
1/8/18,68.48,58.09,834.7
1/5/18,68.01,57.49,832.7
1/4/18,68.73,57.17,825.9
1/3/18,67.85,57.29,817.6
1/2/18,66.65,57.00,815.2
12/29/17,66.73,56.59,814.5
12/28/17,66.80,57.12,818.0
12/27/17,66.03,57.84,815.0
12/22/17,64.61,57.15,806.7
12/21/17,64.64,56.50,807.9
12/20/17,64.43,55.79,799.1
12/19/17,63.69,57.66,800.4
12/18/17,64.45,57.48,799.2
12/15/17,63.81,58.35,790.8
12/14/17,63.72,57.40,795.5
12/13/17,63.66,57.25,798.1
12/12/17,64.96,57.96,800.9
12/11/17,65.62,58.10,791.9
12/8/17,63.86,58.94,786.7
12/7/17,62.37,57.88,782.6
12/6/17,62.25,56.84,786.3
12/5/17,63.45,56.21,792.1
12/4/17,63.45,56.21,800.4
12/1/17,64.57,55.14,798.4
11/30/17,63.53,55.28,796.8
11/29/17,63.74,55.67,797.2
11/28/17,63.56,56.77,795.2
11/27/17,63.25,56.75,792.9
11/24/17,63.58,57.16,800.3
11/23/17,63.27,56.82,804.0
11/22/17,62.92,57.19,807.1
11/21/17,62.28,57.34,808.5
11/20/17,61.34,55.63,800.2
11/17/17,61.34,54.55,796.1
11/16/17,61.18,54.32,802.2
11/15/17,61.25,54.36,795.0
11/14/17,60.91,54.11,801.9
11/13/17,62.94,53.92,806.0
11/10/17,64.35,52.41,808.2
11/9/17,64.49,51.97,811.2
11/8/17,63.96,52.32,822.2
11/7/17,64.36,51.91,819.4
11/6/17,64.27,51.63,817.9
11/3/17,61.42,51.29,815.9
11/2/17,60.79,52.05,809.0
11/1/17,60.98,51.87,815.4
10/31/17,61.35,51.86,807.0
10/30/17,60.65,51.43,809.9
10/27/17,60.15,50.61,801.5
10/26/17,58.75,51.30,795.5
10/25/17,58.45,50.93,798.1
10/24/17,57.84,49.58,790.9
10/23/17,57.69,49.34,791.8
10/20/17,57.89,50.79,794.9
10/19/17,57.82,50.00,787.5
10/18/17,58.05,50.44,788.1
10/17/17,57.63,50.59,788.7
10/16/17,57.49,51.67,790.9
10/13/17,56.86,51.62,792.4
10/12/17,56.13,52.14,790.4
10/11/17,56.13,51.59,788.4
10/10/17,56.62,51.85,788.0
10/9/17,55.29,50.33,785.8
10/6/17,55.50,50.58,784.8
10/5/17,57.09,50.29,789.2
10/4/17,56.00,49.54,784.0
10/3/17,56.12,49.88,788.8
10/2/17,55.67,49.90,784.7
9/29/17,57.02,49.86,783.1
9/28/17,58.80,49.30,782.6
9/27/17,58.74,48.21,779.0
9/26/17,59.77,48.06,774.0
9/25/17,59.42,47.44,777.9
9/22/17,58.16,49.10,773.2
9/21/17,57.73,49.13,771.9
9/20/17,57.20,48.63,765.4
9/19/17,56.58,47.32,763.5
9/18/17,55.50,47.26,762.5
9/15/17,56.18,45.96,758.9
9/14/17,56.76,46.46,762.7
9/13/17,55.52,46.40,761.4
9/12/17,55.06,47.65,756.3
9/11/17,54.20,47.24,751.7
9/8/17,54.55,48.45,745.4
9/7/17,54.16,47.65,747.4
9/6/17,54.48,47.39,745.4
9/5/17,53.63,48.59,748.8
9/4/17,52.60,47.07,745.9
9/1/17,53.15,46.80,747.3
8/31/17,52.69,47.57,739.9
8/30/17,51.91,47.59,730.1
8/29/17,51.64,48.81,723.2
8/28/17,51.87,48.54,728.6
8/25/17,51.87,49.59,730.4
8/24/17,51.73,49.07,730.5
8/23/17,52.31,49.37,729.2
8/22/17,52.29,49.57,730.5
8/21/17,51.94,49.03,725.7
8/18/17,50.96,49.60,726.5
8/17/17,50.37,49.19,726.7
8/16/17,50.39,50.21,736.5
8/15/17,49.90,49.72,730.5
8/14/17,51.29,49.05,735.8
8/11/17,51.47,48.58,727.8
8/10/17,52.59,47.77,735.8
8/9/17,52.16,46.21,741.5
8/8/17,52.18,45.78,742.5
8/7/17,51.42,46.73,742.4
8/4/17,52.48,47.10,738.1
8/3/17,52.88,46.40,736.1
8/2/17,52.09,46.02,735.5
8/1/17,50.77,46.53,737.4
7/31/17,51.99,46.06,732.5
7/28/17,52.00,45.48,734.4
7/27/17,50.67,45.06,732.8
7/26/17,50.08,44.40,732.5
7/25/17,49.19,44.25,724.5
7/24/17,47.81,45.52,723.1
7/21/17,47.47,45.11,723.2
7/20/17,48.54,46.02,734.1
7/19/17,48.34,44.88,728.3
7/18/17,47.92,44.74,725.9
7/17/17,47.66,44.25,729.2
7/14/17,47.89,43.24,721.2
7/13/17,47.65,42.86,722.0
7/12/17,46.73,42.53,716.8
7/11/17,46.68,42.48,702.4
7/10/17,46.57,43.34,702.3
7/7/17,46.47,44.24,696.6
7/6/17,48.53,44.73,701.8
7/5/17,47.58,44.47,701.9
7/4/17,49.15,44.79,707.5
7/3/17,49.13,46.41,705.1
6/30/17,47.08,46.10,698.6
6/29/17,47.02,45.82,695.0
6/28/17,46.45,45.68,698.9
6/27/17,46.17,45.80,693.8
6/26/17,44.09,48.13,693.2
6/23/17,44.14,47.40,693.3
6/22/17,44.46,47.68,693.7
6/21/17,44.62,48.32,699.7
6/20/17,43.98,48.29,704.1
6/19/17,45.93,49.63,705.1
6/16/17,45.70,49.58,699.2
6/15/17,45.61,48.57,696.8
6/14/17,45.47,50.99,708.3
6/13/17,46.95,51.12,710.1
6/12/17,47.18,50.81,711.9
6/9/17,46.64,50.32,706.7
6/8/17,46.30,49.36,705.0
6/7/17,47.08,49.04,711.1
6/6/17,48.11,48.64,709.4
6/5/17,48.25,48.86,712.1
6/2/17,48.46,47.83,713.2
6/1/17,50.41,47.81,711.8
5/31/17,49.40,47.28,710.3
5/30/17,50.65,45.84,718.3
5/29/17,52.25,46.46,718.2
5/26/17,50.84,46.23,718.7
5/25/17,52.25,45.55,722.3
5/24/17,53.29,47.79,726.0
5/23/17,53.19,47.65,721.5
5/22/17,53.35,48.83,723.8
5/19/17,52.78,49.31,722.7
5/18/17,51.71,48.96,712.7
5/17/17,51.76,49.22,720.5
5/16/17,51.21,49.22,728.3
5/15/17,51.29,48.90,724.7
5/12/17,49.08,49.64,721.1
5/11/17,49.18,50.26,718.1
5/10/17,48.09,50.49,719.2
5/9/17,47.06,52.46,719.5
5/8/17,46.61,52.62,713.0
5/5/17,47.45,53.19,709.6
5/4/17,47.53,53.12,700.0
5/3/17,48.82,53.38,703.8
5/2/17,49.31,53.06,704.9
5/1/17,50.41,52.25,701.3
4/28/17,49.46,51.69,697.7
4/27/17,49.46,51.14,698.7
4/26/17,49.99,50.99,698.5
4/25/17,49.37,50.25,698.5
4/24/17,49.45,50.54,691.4
4/21/17,49.93,50.30,683.0
4/20/17,50.66,49.47,683.5
4/19/17,52.43,48.36,682.5
4/18/17,52.60,47.02,685.4
4/17/17,54.79,47.30,688.3
4/13/17,55.05,47.00,691.1
4/12/17,54.75,47.29,696.9
4/11/17,54.73,47.02,692.9
4/10/17,54.79,47.79,694.5
4/7/17,54.24,48.34,692.5
4/6/17,53.62,48.30,692.0
4/5/17,53.41,48.34,693.1
4/4/17,53.08,47.24,687.0
4/3/17,52.04,47.95,692.0
3/31/17,52.20,48.05,687.9
3/30/17,52.25,48.75,691.7
3/29/17,51.36,49.83,686.4
3/28/17,50.72,52.68,685.6
3/27/17,50.12,53.19,679.8
3/24/17,49.97,53.33,693.6
3/23/17,50.17,52.63,694.0
3/22/17,49.56,53.82,693.6
3/21/17,50.14,54.00,703.0
3/20/17,50.67,54.04,703.6
3/17/17,50.58,53.99,703.9
3/16/17,50.56,54.48,702.9
3/15/17,50.63,53.61,697.6
3/14/17,49.60,54.02,694.7
3/13/17,50.10,53.41,700.2
3/10/17,50.63,53.41,698.6
3/9/17,50.65,53.11,689.5
3/8/17,53.30,53.21,691.4
3/7/17,54.61,52.96,692.9
3/6/17,54.73,53.84,690.9
3/3/17,54.12,52.99,692.0
3/2/17,54.16,52.37,699.6
3/1/17,55.72,52.19,696.8
2/28/17,53.36,53.01,690.3
2/27/17,54.65,53.81,687.7
2/24/17,54.69,53.55,687.3
2/23/17,55.82,53.90,693.3
2/22/17,54.90,52.75,694.6
2/21/17,56.34,52.63,699.6
2/20/17,55.25,53.18,691.5
2/17/17,54.48,53.24,687.6
2/16/17,54.16,52.14,692.8
2/15/17,54.57,52.38,694.4
2/14/17,54.96,52.77,701.1
2/13/17,54.15,52.33,702.9
2/10/17,55.20,51.39,696.2
2/9/17,53.98,51.12,694.5
2/8/17,54.42,52.45,697.7
2/7/17,53.79,52.36,701.5
2/6/17,55.02,53.01,701.6
2/3/17,55.92,52.19,702.0
2/2/17,55.94,50.82,694.1
2/1/17,55.79,51.95,701.8
1/31/17,55.25,53.98,693.1
1/30/17,54.77,53.77,698.0
1/27/17,54.80,53.26,708.0
1/26/17,55.89,52.36,709.5
1/25/17,54.34,53.75,708.9
1/24/17,54.70,53.80,701.5
1/23/17,54.80,54.01,697.2
1/20/17,55.04,52.82,700.9
1/19/17,53.18,52.01,698.8
1/18/17,53.77,51.98,693.3
1/17/17,54.68,51.44,689.9
1/16/17,54.30,52.22,691.5
1/13/17,54.37,52.13,696.2
1/12/17,54.51,51.93,692.9
1/11/17,53.61,50.90,694.9
1/10/17,53.20,51.01,690.2
1/9/17,54.39,52.99,689.5
1/6/17,55.90,52.74,694.6
1/5/17,54.99,51.51,696.2
1/4/17,54.57,50.84,692.1
1/3/17,55.05,49.85,694.0
1/2/17,55.01,50.40,691.5
12/30/16,54.96,50.95,683.9
12/29/16,54.97,51.72,686.4
12/28/16,54.95,51.70,685.6
12/27/16,54.44,51.39,683.7
12/23/16,53.93,51.08,679.7
12/22/16,54.04,49.41,678.0
12/21/16,53.01,45.29,675.6
12/20/16,54.56,45.66,678.1
12/19/16,53.53,46.72,678.7
12/16/16,54.15,46.72,680.4
12/15/16,51.72,48.07,675.3
12/14/16,53.15,47.48,680.9
12/13/16,53.28,45.69,683.5
12/12/16,53.99,45.37,686.1
12/9/16,52.19,45.56,683.0
12/8/16,51.60,45.86,677.9
12/7/16,51.90,43.29,669.5
12/6/16,52.31,43.39,663.1
12/5/16,53.30,44.62,663.7
12/2/16,52.35,45.20,657.6
12/1/16,52.28,44.96,662.8
11/30/16,47.95,44.88,656.6
11/29/16,44.68,44.07,649.8
11/28/16,46.64,44.66,654.9
11/25/16,46.32,45.32,658.4
11/24/16,47.54,46.66,658.6
11/23/16,46.54,46.83,657.0
11/22/16,46.10,48.72,657.1
11/21/16,45.96,49.71,653.4
11/18/16,44.41,48.75,647.7
11/17/16,44.57,49.45,647.8
11/16/16,45.07,50.18,645.3
11/15/16,44.15,50.61,646.6
11/14/16,41.83,50.31,638.8
11/11/16,41.61,51.59,640.3
11/10/16,43.67,50.30,646.0
11/9/16,43.88,49.97,637.8
11/8/16,43.47,50.35,635.5
11/7/16,42.83,50.47,633.1
11/4/16,43.06,50.14,625.9
11/3/16,43.84,50.72,630.1
11/2/16,44.26,49.76,626.7
11/1/16,45.77,49.76,639.6
10/31/16,46.20,50.44,638.2
10/28/16,47.78,49.75,642.2
10/27/16,49.13,48.67,642.8
10/26/16,48.98,48.80,633.4
10/25/16,49.08,47.72,645.9
10/24/16,49.80,47.72,642.0
10/21/16,50.28,47.07,641.5
10/20/16,50.42,44.65,638.3
10/19/16,51.85,45.60,638.1
10/18/16,49.81,44.36,633.7
10/17/16,49.31,46.10,632.1
10/14/16,48.87,45.33,637.5
10/13/16,49.29,43.85,630.6
10/12/16,49.53,43.34,635.1
10/11/16,50.48,43.04,638.6
10/10/16,51.54,43.85,639.6
10/7/16,50.49,43.62,629.4
10/6/16,50.14,44.91,633.2
10/5/16,49.57,46.28,631.7
10/4/16,48.81,45.88,630.9
10/3/16,48.61,47.63,622.6
9/30/16,48.24,45.47,622.7
9/29/16,48.43,44.85,623.1
9/28/16,45.49,44.39,609.4
9/27/16,44.95,43.17,604.8
9/26/16,46.61,44.68,609.0
9/23/16,46.71,46.32,617.8
9/22/16,47.21,46.97,618.3
9/21/16,45.99,47.64,610.1
9/20/16,45.24,46.97,609.2
9/19/16,46.04,46.29,607.4
9/16/16,45.26,47.54,601.3
9/15/16,45.83,46.80,596.8
9/14/16,45.65,48.48,602.6
9/13/16,46.48,48.20,603.1
9/12/16,47.82,46.81,608.5
9/9/16,48.37,46.57,619.5
9/8/16,49.23,45.72,624.9
9/7/16,47.00,44.47,626.4
9/6/16,46.21,43.51,622.4
9/5/16,46.72,41.75,627.1
9/2/16,45.96,42.78,623.1
9/1/16,45.05,43.06,616.3
8/31/16,47.94,41.83,618.9
8/30/16,47.94,41.92,622.1
8/29/16,49.66,40.80,616.7
8/26/16,49.66,39.50,618.4
8/25/16,49.25,40.05,616.7
8/24/16,47.56,41.54,619.3
8/23/16,48.70,41.13,618.0
8/22/16,48.10,41.90,612.4
8/19/16,49.39,42.16,612.5
8/18/16,49.46,42.40,609.6
8/17/16,48.58,43.41,607.0
8/16/16,48.27,43.96,617.7
8/15/16,47.31,44.96,619.1
8/12/16,45.12,44.64,621.3
8/11/16,44.23,45.23,621.4
8/10/16,42.19,45.93,620.0
8/9/16,43.37,45.64,622.8
8/8/16,43.24,44.87,614.8
8/5/16,42.47,46.82,612.8
8/4/16,41.33,44.73,608.2
8/3/16,40.45,45.37,601.5
8/2/16,40.00,45.22,604.7
8/1/16,40.17,47.37,610.6
7/29/16,40.76,46.73,612.6
7/28/16,41.87,49.02,615.6
7/27/16,42.78,48.27,623.1
7/26/16,43.56,49.85,620.3
7/25/16,43.76,47.93,618.6
7/22/16,44.24,45.80,625.3
7/21/16,44.99,46.70,631.7
7/20/16,45.82,49.34,624.6
7/19/16,45.70,49.16,624.9
7/18/16,45.35,48.95,619.3
7/15/16,46.25,49.40,622.4
7/14/16,46.01,48.00,621.1
7/13/16,44.67,46.14,619.5
7/12/16,46.72,47.92,617.3
7/11/16,44.04,48.49,620.1
7/8/16,44.53,48.89,610.3
7/7/16,45.93,49.09,608.1
7/6/16,45.70,50.52,592.2
7/5/16,45.64,51.23,597.3
7/4/16,48.02,50.37,608.6
7/1/16,47.65,49.71,611.6
6/30/16,48.05,48.69,602.9
6/29/16,48.40,49.14,599.7
6/28/16,46.29,49.07,587.4
6/27/16,45.07,49.10,573.0
6/24/16,46.69,49.36,592.2
6/23/16,48.63,49.00,610.9
6/22/16,48.43,49.10,606.9
6/21/16,48.18,48.04,603.2
6/20/16,48.68,48.12,603.8
6/17/16,46.57,47.67,590.9
6/16/16,45.66,48.16,575.3
6/15/16,47.47,48.12,590.1
6/14/16,47.88,48.29,587.3
6/13/16,49.36,47.72,595.8
6/10/16,49.70,46.22,604.8
6/9/16,50.59,46.64,612.5
6/8/16,50.73,46.21,622.7
6/7/16,49.76,44.68,621.8
6/6/16,48.94,43.45,615.1
6/3/16,48.50,44.58,609.3
6/2/16,49.05,44.33,611.3
6/1/16,48.81,43.77,611.6
5/31/16,49.26,43.65,617.3
5/30/16,49.18,44.20,622.9
5/27/16,49.09,44.75,618.8
5/26/16,49.52,45.98,622.3
5/25/16,48.87,46.03,619.6
5/24/16,48.42,45.29,610.8
5/23/16,47.77,42.52,605.4
5/20/16,48.54,41.67,605.1
5/19/16,47.01,42.76,594.7
5/18/16,48.93,43.18,605.4
5/17/16,48.71,42.72,603.3
5/16/16,48.49,40.88,601.3
5/13/16,47.05,39.74,597.3
5/12/16,46.43,40.40,600.4
5/11/16,46.08,41.45,599.0
5/10/16,44.01,41.70,594.2
5/9/16,42.43,42.12,593.6
5/6/16,44.60,40.46,595.9
5/5/16,44.39,39.74,595.8
5/4/16,43.08,37.30,595.6
5/3/16,43.09,37.74,592.6
5/2/16,45.82,34.52,601.4
4/29/16,45.64,34.30,606.3
4/28/16,45.60,35.36,611.0
4/27/16,44.17,36.94,606.3
4/26/16,43.94,36.91,594.9
4/25/16,42.97,36.91,592.2
4/22/16,43.97,37.99,595.2
4/21/16,43.48,38.14,599.1
4/20/16,43.09,38.28,597.3
4/19/16,43.02,41.45,595.9
4/18/16,41.64,39.91,585.5
4/15/16,41.32,39.47,584.7
4/14/16,43.02,40.17,589.1
4/13/16,42.81,38.43,589.0
4/12/16,43.02,36.32,574.3
4/11/16,41.58,37.20,571.7
4/8/16,40.71,38.51,566.2
4/7/16,37.15,37.77,560.4
4/6/16,37.77,37.62,562.9
4/5/16,35.88,36.67,559.8
4/4/16,36.05,37.90,566.9
4/1/16,36.42,35.91,569.8
3/31/16,36.75,34.56,577.7
3/30/16,36.75,34.57,585.1
3/29/16,36.75,34.39,569.8
3/28/16,38.33,32.74,573.9
3/24/16,38.33,31.65,578.0
3/23/16,38.84,31.40,586.2
3/22/16,40.54,30.35,589.0
3/21/16,39.91,31.84,588.4
3/18/16,39.26,31.37,590.3
3/17/16,39.29,29.59,585.8
3/16/16,38.38,30.77,586.0
3/15/16,37.49,30.68,582.8
3/14/16,38.06,29.05,589.5
3/11/16,39.41,29.32,585.0
3/10/16,38.63,26.19,582.3
3/9/16,40.26,27.54,583.0
3/8/16,39.16,27.96,586.1
3/7/16,39.02,29.71,585.5
3/4/16,37.61,30.86,588.1
3/3/16,35.75,31.63,576.4
3/2/16,36.38,32.29,571.1
3/1/16,35.73,29.90,574.9
2/29/16,35.92,31.62,572.5
2/26/16,35.76,33.66,566.3
2/25/16,32.83,33.21,556.5
2/24/16,31.50,32.32,545.3
2/23/16,31.90,29.54,561.8
2/22/16,33.59,30.31,564.7
2/19/16,31.66,32.07,550.2
2/18/16,33.20,29.55,557.7
2/17/16,33.21,26.68,554.8
2/16/16,31.09,28.47,532.1
2/15/16,31.45,28.96,539.2
2/12/16,31.80,29.45,522.3
2/11/16,28.82,31.22,515.2
2/10/16,29.64,30.42,530.6
2/9/16,30.15,30.42,531.5
2/8/16,31.64,31.42,536.1
2/5/16,32.35,33.20,560.7
2/4/16,32.76,33.29,552.2
2/3/16,32.38,33.97,540.5
2/2/16,30.98,35.97,539.5
2/1/16,32.45,36.81,556.7
1/29/16,33.14,37.13,560.9
1/28/16,33.01,36.59,552.3
1/27/16,31.83,37.88,547.1
1/26/16,30.94,36.36,551.0
1/25/16,29.82,37.62,547.1
1/22/16,30.46,36.76,552.6
1/21/16,27.59,36.12,530.6
1/20/16,26.01,34.55,518.1
1/19/16,27.36,34.72,543.7
1/18/16,27.36,34.98,528.5
1/15/16,28.80,35.55,535.6
1/14/16,28.84,37.32,542.2
1/13/16,28.58,36.31,556.8
1/12/16,29.14,35.65,554.5
1/11/16,30.14,36.76,554.8
1/8/16,31.67,37.16,563.8
1/7/16,33.57,37.46,565.4
1/6/16,33.89,37.64,581.7
1/5/16,35.56,40.00,590.3
1/4/16,36.28,41.08,600.6
12/31/15,36.61,39.93,605.4
12/30/15,35.65,40.58,610.3
12/29/15,36.85,40.43,609.5
12/28/15,37.08,40.57,602.2
12/24/15,37.22,41.22,603.7
12/23/15,35.79,40.89,605.3
12/22/15,35.26,39.27,589.9
12/21/15,35.34,39.39,591.1
12/18/15,36.76,40.55,590.1
12/17/15,36.29,40.75,600.9
12/16/15,36.96,40.73,603.8
12/15/15,37.66,41.68,601.9
12/14/15,36.51,40.69,585.4
12/11/15,36.99,41.74,594.8
12/10/15,38.65,42.95,604.3
12/9/15,39.04,44.23,610.9
12/8/15,39.44,43.87,607.2
12/7/15,39.69,44.32,617.0
12/4/15,41.44,45.27,614.6
12/3/15,42.00,46.32,623.6
12/2/15,41.92,47.88,632.6
12/1/15,42.97,46.12,632.5
11/30/15,43.73,46.60,628.8
11/27/15,43.07,46.02,625.4
11/26/15,43.55,45.93,628.3
11/25/15,43.56,43.21,624.5
11/24/15,44.38,43.19,624.8
11/23/15,43.70,43.91,625.0
11/20/15,42.49,44.90,625.8
11/19/15,42.22,45.22,628.2
11/18/15,41.45,45.84,627.1
11/17/15,41.28,45.91,622.1
11/16/15,40.28,47.30,613.1
11/13/15,41.98,46.38,608.9
11/12/15,44.98,46.63,611.5
11/11/15,44.98,46.70,623.5
11/10/15,46.44,47.09,624.0
11/9/15,45.38,49.67,628.5
11/6/15,46.09,49.46,626.9
11/5/15,47.19,47.86,628.6
11/4/15,46.96,48.53,633.8
11/3/15,48.00,46.28,623.6
11/2/15,47.91,45.54,617.9
10/30/15,48.00,44.75,615.2
10/29/15,48.04,45.06,615.5
10/28/15,47.60,45.24,622.8
10/27/15,45.54,44.40,616.1
10/26/15,46.57,45.55,623.5
10/23/15,46.30,44.94,623.8
10/22/15,46.59,44.53,615.6
10/21/15,46.72,46.17,614.7
10/20/15,46.93,46.67,613.3
10/19/15,47.51,44.71,613.9
10/16/15,48.96,46.93,614.0
10/15/15,47.87,47.12,615.1
10/14/15,48.25,44.58,608.0
10/13/15,48.94,44.07,609.9
10/12/15,50.95,44.75,612.9
10/9/15,52.08,45.85,618.8
10/8/15,52.13,44.13,614.7
10/7/15,51.66,45.92,623.0
10/6/15,51.34,46.02,613.0
10/5/15,49.45,46.75,601.3
10/2/15,46.55,46.30,581.5
10/1/15,47.48,45.38,586.1
9/30/15,47.29,49.20,581.8
9/29/15,47.58,45.29,571.3
9/28/15,46.04,42.47,570.5
9/25/15,47.28,38.50,579.9
9/24/15,47.06,39.15,566.7
9/23/15,48.00,38.22,575.4
9/22/15,46.69,40.45,579.3
9/21/15,47.64,41.00,587.1
9/18/15,47.28,40.75,584.3
9/17/15,48.27,42.58,592.5
9/16/15,49.35,41.93,587.7
9/15/15,45.91,42.45,578.7
9/14/15,45.87,42.27,574.9
9/11/15,46.87,43.22,579.0
9/10/15,47.77,43.11,585.2
9/9/15,48.04,44.94,597.2
9/8/15,48.88,43.87,590.3
9/7/15,46.42,44.69,580.2
9/4/15,48.59,45.13,582.2
9/3/15,50.41,45.75,597.1
9/2/15,47.67,45.25,582.2
9/1/15,48.80,47.11,582.6
8/31/15,48.39,47.82,594.1
8/28/15,47.97,48.53,593.4
8/27/15,44.46,48.77,586.2
8/26/15,41.76,47.97,575.4
8/25/15,41.86,47.17,571.0
8/24/15,41.59,47.98,555.2
8/21/15,43.84,48.11,585.6
8/20/15,45.63,49.27,595.6
8/19/15,45.75,50.59,606.4
8/18/15,47.00,50.11,612.7
8/17/15,47.77,50.88,612.6
8/14/15,47.79,50.90,612.7
8/13/15,48.01,51.40,621.0
8/12/15,48.29,53.05,617.6
8/11/15,47.33,52.19,624.8
8/10/15,48.30,52.74,635.2
8/7/15,47.54,52.76,636.2
8/6/15,47.80,51.61,635.5
8/5/15,49.04,52.33,644.1
8/4/15,49.08,52.48,638.7
8/3/15,49.49,56.93,639.7
7/31/15,53.29,56.94,638.9
7/30/15,54.29,59.48,641.8
7/29/15,54.73,58.34,638.4
7/28/15,54.30,59.41,628.5
7/27/15,54.07,59.59,626.7
7/24/15,54.29,60.01,641.8
7/23/15,55.76,61.05,645.6
7/22/15,56.36,60.01,644.6
7/21/15,55.94,59.62,650.9
7/20/15,56.42,60.41,648.6
7/17/15,56.38,59.89,649.0
7/16/15,57.31,60.01,649.7
7/15/15,57.34,59.53,646.4
7/14/15,57.20,59.96,644.0
7/13/15,57.63,60.74,639.2
7/10/15,57.72,61.36,634.9
7/9/15,57.83,60.15,626.6
7/8/15,55.70,58.15,618.1
7/7/15,54.72,59.11,615.8
7/6/15,57.19,58.00,620.3
7/3/15,59.06,59.67,627.8
7/2/15,61.73,61.30,632.5
7/1/15,61.65,60.24,629.8
6/30/15,60.31,60.25,629.1
6/29/15,59.03,57.69,631.4
6/26/15,60.14,57.51,642.6
6/25/15,60.24,57.29,643.6
6/24/15,61.63,58.88,646.6
6/23/15,61.67,60.18,643.8
6/22/15,60.54,58.96,639.8
6/19/15,59.41,57.30,632.2
6/18/15,61.37,59.44,628.6
6/17/15,60.75,59.73,631.6
6/16/15,60.75,59.89,628.6
6/15/15,60.99,60.50,627.4
6/12/15,63.19,60.72,636.5
6/11/15,63.76,59.23,646.0
6/10/15,64.68,59.41,643.7
6/9/15,63.23,58.99,643.5
6/8/15,61.33,60.93,651.7
6/5/15,60.36,60.38,650.1
6/4/15,60.34,58.92,649.3
6/3/15,62.78,59.10,655.3
6/2/15,63.14,59.62,650.6
6/1/15,62.87,58.55,645.1
5/29/15,63.16,57.05,645.7
5/28/15,60.12,55.56,645.4
5/27/15,61.35,55.98,646.4
5/26/15,61.65,56.59,643.3
5/22/15,64.70,56.17,652.4
5/21/15,64.70,55.58,652.9
5/20/15,63.52,56.37,651.0
5/19/15,63.48,55.71,651.0
5/18/15,65.15,56.69,653.1
5/15/15,64.69,56.25,653.6
5/14/15,65.58,53.30,655.8
5/13/15,66.33,51.95,657.9
5/12/15,65.09,51.63,651.3
5/11/15,62.82,50.79,654.3
5/8/15,63.82,50.44,648.1
5/7/15,64.93,53.95,641.0
5/6/15,66.22,52.08,646.0
5/5/15,65.44,49.13,649.0
5/4/15,64.62,50.12,647.9
5/1/15,64.13,47.72,643.6
4/30/15,63.90,48.66,639.4
4/29/15,,,
